"id","createdBy","createdAt","status","serviceId","date","timeSlotId","requestData","userId"
"6","1","2025-04-18T11:42:10","Cancel","2","2025-04-20","1","sadcc","3"
"7","1","2025-04-18T11:42:10","Deleted","2","2025-04-20","1","sadcc","3"
"2","3","2025-04-18T11:42:10","Overdue","2","2025-04-15","0","sadcc","3"
"1","2","2025-04-18T11:42:28","Pending","1","2025-04-20","0","asdff","2"
"3","3","2025-04-18T11:42:30","Complete","3","2025-04-15","0","dffvfv","3"
"5","1","2025-04-18T11:42:31","Pending","3","2025-04-21","1","gtghfdsv","3"
"8","1","2025-04-18T11:42:31","Pending","3","2025-04-21","0","gtghfdsv","3"
"4","1","2025-04-18T11:42:31","Pending","3","2025-04-20","0","gtghfdsv","3"
"9","3","2025-04-19T14:29:59.242112900","Pending","1","2025-04-30","1","test","3"
"10","3","2025-04-19T14:30:50.225353300","Pending","1","2025-04-19","0","test23","3"
"11","3","2025-04-19T14:30:59.382306100","Pending","1","2025-04-19","0","test45","3"
"12","3","2025-04-19T14:31:08.285854200","Pending","1","2025-04-19","0","test67","3"
"13","3","2025-04-19T14:31:37.288417300","Pending","1","2025-04-19","0","test89","3"
"14","3","2025-04-19T14:31:53.257730700","Pending","1","2025-04-19","0","test67","3"
"15","1","2025-04-19T14:47:52.932449800","Pending","2","2025-04-19","1","testpo","4"
"16","1","2025-04-19T14:51:33.408849900","Pending","3","2025-04-25","1","efdwef","4"
